name,value
path,\\muebcyp02fvg02\\eProcessing1$\\CEB Bill Payment\\
ebox_portal_link,https://eboxprdcsc.corebanking.intra.absa.co.za/csc/login.jsp
makola_portal,https://dlv.cto-payments-makola.prod.caas.absa.co.za
debit_branch,37
debit_account,3000361
credit_branch,14
credit_account,2011220
workflow_reference,Suspense
origination_reference,Transfer to CEB
open_path,\\muebcyp02fvg02\\eProcessing1$\\CEB Bill Payment\\config\\Open\\
mail_path,\\muebcyp02fvg02\\eProcessing1$\\CEB Bill Payment\\config\\mail.vbs
mail_to,Olivier.Rayapen@absa.africa
mail_cc,EFormRobot@absa.africa
