"system_id","name","value"
"1","path","\\muebcyp02fvg02\\eProcessing1$\\CEB Bill Payment\\"
"2","ebox_portal_link","https://eboxprdcsc.corebanking.intra.absa.co.za/csc/login.jsp"
"3","makola_portal","https://dlv.cto-payments-makola.prod.caas.absa.co.za"
"4","debit_branch","37"
"5","debit_account","3000361"
"6","credit_branch","14"
"7","credit_account","2011220"
"8","workflow_reference","Suspense"
"9","origination_reference","Transfer to CEB"
"10","open_path","\\muebcyp02fvg02\\eProcessing1$\\CEB Bill Payment\\config\\Open\\"
"11","mail_path","\\muebcyp02fvg02\\eProcessing1$\\CEB Bill Payment\\config\\mail.vbs"
"12","mail_to","Olivier.Rayapen@absa.africa"
"13","mail_cc","EFormRobot@absa.africa"
