"system_id","name","value"
"1","path","\\muebcyp02fvg02\\eProcessing1$\\ROBOTICS\\SFI Refund\\"
"2","morongwa_live","https://morongwa-prod.cto-morongwa.prod.caas.absa.co.za/#/search-payment"
"3","ebox_portal","https://eboxprdcsc.corebanking.intra.absa.co.za/csc/login.jsp"
"4","download_path","\\muebcyp02fvg02\eProcessing1$\ROBOTICS\SFI Refund\config\Open"
"5","MAFolder_path","\\muebcyp02fvg02\\eProcessing1$\\ROBOTICS\\Sybrin Echannel\\"
"6","reports201_path","\\muebcyp02fvg02\\eProcessing1$\\ROBOTICS\\201 REPORTS\\"
"7","secret","KZ4U6RSLIRAWO32MGB2FCOBSGVQUUNBS"
"8","mail_to","Olivier.Rayapen@absa.africa"
"9","mail_cc","EformRobot@absa.africa"
"10","open_path","\\muebcyp02fvg02\\eProcessing1$\\ROBOTICS\\SFI Refund\\config\\Open\\"
"11","evolve_portal","http://muubhemapp0007.corp.dsarena.com:8180/sfiwebclient/login.jsp"
